season,date,match_name,result,h_odd,d_odd,a_odd
2013/2014,Unknown,Cardiff vs Chelsea,1-2,7.86,5.01,1.38
2013/2014,Unknown,Fulham vs Crystal Palace,2-2,2.57,3.46,2.68
2013/2014,Unknown,Hull vs Everton,0-2,3.69,3.52,2.03
2013/2014,Unknown,Liverpool vs Newcastle,2-1,1.18,8.0,13.96
2013/2014,Unknown,Manchester City vs West Ham,2-0,1.16,8.6,14.2
2013/2014,Unknown,Norwich vs Arsenal,0-2,4.9,3.97,1.68
2013/2014,Unknown,Southampton vs Manchester Utd,1-1,2.72,3.7,2.43
2013/2014,Unknown,Sunderland vs Swansea,1-3,2.23,3.4,3.22
2013/2014,Unknown,Tottenham vs Aston Villa,3-0,1.47,4.41,6.85
2013/2014,Unknown,West Brom vs Stoke,1-2,2.15,3.48,3.34
2013/2014,Unknown,Manchester City vs Aston Villa,4-0,1.15,8.57,15.66
2013/2014,Unknown,Sunderland vs West Brom,2-0,2.02,3.1,4.29
2013/2014,Unknown,Manchester Utd vs Hull,3-1,1.43,4.9,6.95
2013/2014,Unknown,Crystal Palace vs Liverpool,3-3,8.07,5.34,1.36
2013/2014,Unknown,Chelsea vs Norwich,0-0,1.2,7.13,14.01
2013/2014,Unknown,Arsenal vs West Brom,1-0,1.37,5.12,8.15
2013/2014,Unknown,Everton vs Manchester City,2-3,4.64,4.15,1.69
2013/2014,Unknown,Aston Villa vs Hull,3-1,2.54,3.01,3.08
2013/2014,Unknown,Manchester Utd vs Sunderland,0-1,1.4,5.01,7.24
2013/2014,Unknown,Newcastle vs Cardiff,3-0,1.92,3.67,3.88
2013/2014,Unknown,Stoke vs Fulham,4-1,2.27,3.43,3.15
2013/2014,Unknown,Swansea vs Southampton,0-1,2.36,3.36,3.04
2013/2014,Unknown,West Ham vs Tottenham,2-0,3.81,3.61,1.96
2013/2014,Unknown,Arsenal vs Newcastle,3-0,1.23,6.6,12.47
2013/2014,Unknown,Crystal Palace vs Manchester City,0-2,7.82,4.95,1.4
2013/2014,Unknown,Liverpool vs Chelsea,0-2,1.67,4.0,5.08
2013/2014,Unknown,Sunderland vs Cardiff,4-0,1.76,3.77,4.69
2013/2014,Unknown,Manchester Utd vs Norwich,4-0,1.3,5.72,9.8
2013/2014,Unknown,Fulham vs Hull,2-2,2.31,3.33,3.15
2013/2014,Unknown,Stoke vs Tottenham,0-1,3.41,3.39,2.16
2013/2014,Unknown,Swansea vs Aston Villa,4-1,1.67,3.74,5.44
2013/2014,Unknown,West Brom vs West Ham,1-0,1.84,3.63,4.31
2013/2014,Unknown,Southampton vs Everton,2-0,2.77,3.42,2.51
2013/2014,Unknown,Manchester City vs West Brom,3-1,1.21,6.98,12.23
2013/2014,Unknown,Everton vs Manchester Utd,2-0,2.57,3.42,2.73
2013/2014,Unknown,Hull vs Arsenal,0-3,4.83,3.66,1.76
2013/2014,Unknown,Norwich vs Liverpool,2-3,6.7,4.86,1.44
2013/2014,Unknown,Chelsea vs Sunderland,1-2,1.2,6.96,14.33
2013/2014,Unknown,Aston Villa vs Southampton,0-0,3.26,3.31,2.28
2013/2014,Unknown,Cardiff vs Stoke,1-1,2.36,3.35,3.07
2013/2014,Unknown,Newcastle vs Swansea,1-2,2.86,3.34,2.51
2013/2014,Unknown,West Ham vs Crystal Palace,0-1,2.24,3.27,3.38
2013/2014,Unknown,Tottenham vs Fulham,3-1,1.5,4.56,6.35
2013/2014,Unknown,Everton vs Crystal Palace,2-3,1.36,4.88,9.13
2013/2014,Unknown,Manchester City vs Sunderland,2-2,1.13,9.4,18.0
2013/2014,Unknown,Arsenal vs West Ham,3-1,1.35,5.16,8.98
2013/2014,Unknown,Swansea vs Chelsea,0-1,4.74,3.51,1.81
2013/2014,Unknown,Liverpool vs Manchester City,3-2,2.25,3.56,3.12
2013/2014,Unknown,Crystal Palace vs Aston Villa,1-0,2.13,3.18,3.75
2013/2014,Unknown,Fulham vs Norwich,1-0,2.12,3.41,3.49
2013/2014,Unknown,Southampton vs Cardiff,0-1,1.41,4.61,7.77
2013/2014,Unknown,Stoke vs Newcastle,1-0,2.01,3.38,3.87
2013/2014,Unknown,Sunderland vs Everton,0-1,4.45,3.54,1.83
2013/2014,Unknown,West Brom vs Tottenham,3-3,3.03,3.43,2.32
2013/2014,Unknown,Tottenham vs Sunderland,5-1,1.56,4.08,6.23
2013/2014,Unknown,West Ham vs Liverpool,1-2,7.98,5.2,1.38
2013/2014,Unknown,Everton vs Arsenal,3-0,2.47,3.42,2.85
2013/2014,Unknown,Chelsea vs Stoke,3-0,1.28,5.54,11.72
2013/2014,Unknown,Aston Villa vs Fulham,1-2,2.14,3.33,3.58
2013/2014,Unknown,Cardiff vs Crystal Palace,0-3,2.35,3.26,3.18
2013/2014,Unknown,Hull vs Swansea,1-0,2.84,3.14,2.65
2013/2014,Unknown,Newcastle vs Manchester Utd,0-4,3.77,3.52,2.01
2013/2014,Unknown,Norwich vs West Brom,0-1,2.34,3.27,3.17
2013/2014,Unknown,Manchester City vs Southampton,4-1,1.34,5.36,8.74
2013/2014,Unknown,Sunderland vs West Ham,1-2,1.97,3.42,4.01
2013/2014,Unknown,Liverpool vs Tottenham,4-0,1.39,5.06,7.62
2013/2014,Unknown,Fulham vs Everton,1-3,4.82,3.7,1.74
2013/2014,Unknown,Arsenal vs Manchester City,1-1,3.58,3.6,2.04
2013/2014,Unknown,Crystal Palace vs Chelsea,1-0,9.32,4.52,1.39
2013/2014,Unknown,Southampton vs Newcastle,4-0,1.63,3.86,5.74
2013/2014,Unknown,Stoke vs Hull,1-0,2.35,3.13,3.31
2013/2014,Unknown,Swansea vs Norwich,3-0,1.67,3.76,5.48
2013/2014,Unknown,West Brom vs Cardiff,3-3,1.9,3.5,4.26
2013/2014,Unknown,Manchester Utd vs Aston Villa,4-1,1.41,4.7,7.93
2013/2014,Unknown,Liverpool vs Sunderland,2-1,1.16,8.34,16.18
2013/2014,Unknown,West Ham vs Hull,2-1,2.32,3.27,3.23
2013/2014,Unknown,Arsenal vs Swansea,2-2,1.54,4.14,6.35
2013/2014,Unknown,Manchester Utd vs Manchester City,0-3,3.17,3.41,2.27
2013/2014,Unknown,Newcastle vs Everton,0-3,3.24,3.3,2.29
2013/2014,Unknown,Aston Villa vs Stoke,1-4,2.14,3.21,3.68
2013/2014,Unknown,Tottenham vs Southampton,3-2,2.16,3.31,3.51
2013/2014,Unknown,West Ham vs Manchester Utd,0-2,4.51,3.72,1.8
2013/2014,Unknown,Cardiff vs Liverpool,3-6,9.01,5.39,1.33
2013/2014,Unknown,Everton vs Swansea,3-2,1.72,3.64,5.27
2013/2014,Unknown,Hull vs West Brom,2-0,2.25,3.2,3.44
2013/2014,Unknown,Manchester City vs Fulham,5-0,1.14,8.96,17.04
2013/2014,Unknown,Newcastle vs Crystal Palace,1-0,2.0,3.3,4.09
2013/2014,Unknown,Norwich vs Sunderland,2-0,2.27,3.23,3.37
2013/2014,Unknown,Chelsea vs Arsenal,6-0,1.83,3.48,4.68
2013/2014,Unknown,Tottenham vs Arsenal,0-1,3.28,3.38,2.23
2013/2014,Unknown,Manchester Utd vs Liverpool,0-3,2.47,3.46,2.81
2013/2014,Unknown,Aston Villa vs Chelsea,1-0,6.83,4.13,1.52
2013/2014,Unknown,Everton vs Cardiff,2-1,1.31,5.21,10.24
2013/2014,Unknown,Fulham vs Newcastle,1-0,2.73,3.35,2.6
2013/2014,Unknown,Southampton vs Norwich,4-2,1.56,3.93,6.6
2013/2014,Unknown,Stoke vs West Ham,3-1,2.27,3.17,3.41
2013/2014,Unknown,Sunderland vs Crystal Palace,0-0,2.17,3.24,3.58
2013/2014,Unknown,Swansea vs West Brom,1-2,1.92,3.42,4.24
2013/2014,Unknown,Hull vs Manchester City,0-2,6.07,4.15,1.56
2013/2014,Unknown,Chelsea vs Tottenham,4-0,1.52,4.13,6.83
2013/2014,Unknown,Cardiff vs Fulham,3-1,2.3,3.33,3.24
2013/2014,Unknown,Crystal Palace vs Southampton,0-1,3.64,3.26,2.14
2013/2014,Unknown,Norwich vs Stoke,1-1,2.23,3.2,3.5
2013/2014,Unknown,West Brom vs Manchester Utd,0-3,4.54,3.52,1.84
2013/2014,Unknown,Aston Villa vs Norwich,4-1,2.17,3.31,3.52
2013/2014,Unknown,Swansea vs Crystal Palace,1-1,1.79,3.49,4.99
2013/2014,Unknown,Tottenham vs Cardiff,1-0,1.33,5.02,10.07
2013/2014,Unknown,Southampton vs Liverpool,0-3,3.65,3.54,2.03
2013/2014,Unknown,Everton vs West Ham,1-0,1.49,4.2,7.27
2013/2014,Unknown,Fulham vs Chelsea,1-3,7.54,4.53,1.45
2013/2014,Unknown,Hull vs Newcastle,1-4,2.28,3.2,3.38
2013/2014,Unknown,Stoke vs Arsenal,1-0,5.19,3.59,1.74
2013/2014,Unknown,Norwich vs Tottenham,1-0,3.73,3.45,2.03
2013/2014,Unknown,Liverpool vs Swansea,4-3,1.28,5.75,10.94
2013/2014,Unknown,Newcastle vs Aston Villa,1-0,1.96,3.44,4.03
2013/2014,Unknown,Crystal Palace vs Manchester Utd,0-2,6.26,3.91,1.57
2013/2014,Unknown,Arsenal vs Sunderland,4-1,1.33,5.14,10.04
2013/2014,Unknown,Cardiff vs Hull,0-4,2.9,3.07,2.65
2013/2014,Unknown,Manchester City vs Stoke,1-0,1.17,7.7,15.91
2013/2014,Unknown,West Brom vs Fulham,1-1,1.73,3.74,4.93
2013/2014,Unknown,West Ham vs Southampton,3-1,3.45,3.35,2.18
2013/2014,Unknown,Chelsea vs Everton,1-0,1.59,3.87,6.35
2013/2014,Unknown,Fulham vs Liverpool,2-3,7.82,5.07,1.38
2013/2014,Unknown,Stoke vs Swansea,1-1,2.76,3.07,2.75
2013/2014,Unknown,Arsenal vs Manchester Utd,0-0,2.31,3.29,3.21
2013/2014,Unknown,Newcastle vs Tottenham,0-4,3.01,3.34,2.39
2013/2014,Unknown,West Brom vs Chelsea,1-1,7.2,4.3,1.48
2013/2014,Unknown,Cardiff vs Aston Villa,0-0,2.64,3.28,2.74
2013/2014,Unknown,Hull vs Southampton,0-1,2.84,3.16,2.61
2013/2014,Unknown,West Ham vs Norwich,2-0,2.15,3.33,3.55
2013/2014,Unknown,Manchester Utd vs Fulham,2-2,1.16,7.9,16.77
2013/2014,Unknown,Tottenham vs Everton,1-0,2.17,3.33,3.46
2013/2014,Unknown,Swansea vs Cardiff,3-0,1.89,3.47,4.35
2013/2014,Unknown,Aston Villa vs West Ham,0-2,2.09,3.34,3.71
2013/2014,Unknown,Chelsea vs Newcastle,3-0,1.22,6.31,14.2
2013/2014,Unknown,Crystal Palace vs West Brom,3-1,2.54,3.16,2.96
2013/2014,Unknown,Norwich vs Manchester City,0-0,8.15,5.04,1.38
2013/2014,Unknown,Southampton vs Stoke,2-2,1.51,4.06,7.33
2013/2014,Unknown,Sunderland vs Hull,0-2,2.31,3.18,3.34
2013/2014,Unknown,Liverpool vs Arsenal,5-1,2.24,3.48,3.21
2013/2014,Unknown,Manchester City vs Chelsea,0-1,2.02,3.42,3.82
2013/2014,Unknown,Arsenal vs Crystal Palace,2-0,1.22,6.24,14.35
2013/2014,Unknown,West Brom vs Liverpool,1-1,5.41,4.12,1.61
2013/2014,Unknown,Cardiff vs Norwich,2-1,2.14,3.31,3.63
2013/2014,Unknown,Everton vs Aston Villa,2-1,1.56,4.03,6.34
2013/2014,Unknown,Fulham vs Southampton,0-3,3.51,3.33,2.16
2013/2014,Unknown,Hull vs Tottenham,1-1,3.68,3.37,2.09
2013/2014,Unknown,Stoke vs Manchester Utd,2-1,7.57,4.36,1.46
2013/2014,Unknown,Newcastle vs Sunderland,0-3,1.97,3.37,4.11
2013/2014,Unknown,West Ham vs Swansea,2-0,2.79,3.26,2.61
2013/2014,Unknown,Aston Villa vs West Brom,4-3,2.57,3.15,2.9
2013/2014,Unknown,Chelsea vs West Ham,0-0,1.17,7.37,16.3
2013/2014,Unknown,Sunderland vs Stoke,1-0,2.02,3.34,3.93
2013/2014,Unknown,Tottenham vs Manchester City,1-5,4.02,3.73,1.88
2013/2014,Unknown,Crystal Palace vs Hull,1-0,2.47,3.07,3.14
2013/2014,Unknown,Liverpool vs Everton,4-0,1.78,3.75,4.52
2013/2014,Unknown,Manchester Utd vs Cardiff,2-0,1.21,6.48,14.74
2013/2014,Unknown,Norwich vs Newcastle,0-0,2.56,3.24,2.83
2013/2014,Unknown,Southampton vs Arsenal,2-2,3.94,3.48,1.98
2013/2014,Unknown,Swansea vs Fulham,2-0,1.68,3.75,5.34
2013/2014,Unknown,West Brom vs Everton,1-1,3.87,3.45,2.0
2013/2014,Unknown,Chelsea vs Manchester Utd,3-1,1.67,3.78,5.4
2013/2014,Unknown,Swansea vs Tottenham,1-3,3.06,3.35,2.35
2013/2014,Unknown,Liverpool vs Aston Villa,2-2,1.2,7.15,13.59
2013/2014,Unknown,Arsenal vs Fulham,2-0,1.2,7.1,14.12
2013/2014,Unknown,Crystal Palace vs Stoke,1-0,2.23,3.23,3.43
2013/2014,Unknown,Manchester City vs Cardiff,4-2,1.1,10.54,22.8
2013/2014,Unknown,Norwich vs Hull,1-0,2.49,3.21,2.98
2013/2014,Unknown,West Ham vs Newcastle,1-3,2.96,3.33,2.43
2013/2014,Unknown,Sunderland vs Southampton,2-2,2.96,3.23,2.49
2013/2014,Unknown,Aston Villa vs Arsenal,1-2,6.94,4.41,1.48
2013/2014,Unknown,Stoke vs Liverpool,3-5,6.57,4.38,1.5
2013/2014,Unknown,Newcastle vs Manchester City,0-2,5.66,4.16,1.59
2013/2014,Unknown,Manchester Utd vs Swansea,2-0,1.56,4.02,6.37
2013/2014,Unknown,Cardiff vs West Ham,0-2,2.02,3.46,3.8
2013/2014,Unknown,Everton vs Norwich,2-0,1.35,4.94,9.54
2013/2014,Unknown,Fulham vs Sunderland,1-4,2.14,3.29,3.61
2013/2014,Unknown,Southampton vs West Brom,1-0,1.81,3.58,4.61
2013/2014,Unknown,Tottenham vs Crystal Palace,2-0,1.4,4.71,8.38
2013/2014,Unknown,Hull vs Chelsea,0-2,6.01,3.76,1.63
2013/2014,Unknown,Manchester Utd vs Tottenham,1-2,1.66,3.95,5.17
2013/2014,Unknown,Arsenal vs Cardiff,2-0,1.25,6.03,11.97
2013/2014,Unknown,Crystal Palace vs Norwich,1-1,2.31,3.21,3.27
2013/2014,Unknown,Fulham vs West Ham,2-1,2.31,3.33,3.17
2013/2014,Unknown,Liverpool vs Hull,2-0,1.31,5.44,10.08
2013/2014,Unknown,Southampton vs Chelsea,0-3,3.75,3.37,2.06
2013/2014,Unknown,Stoke vs Everton,1-1,4.42,3.53,1.85
2013/2014,Unknown,Sunderland vs Aston Villa,0-1,2.09,3.34,3.69
2013/2014,Unknown,West Brom vs Newcastle,1-0,2.34,3.39,3.06
2013/2014,Unknown,Swansea vs Manchester City,2-3,5.45,3.87,1.66
2013/2014,Unknown,Chelsea vs Liverpool,2-1,2.19,3.37,3.36
2013/2014,Unknown,Tottenham vs Stoke,3-0,1.44,4.38,7.93
2013/2014,Unknown,Everton vs Southampton,2-1,1.93,3.45,4.13
2013/2014,Unknown,Newcastle vs Arsenal,0-1,3.26,3.33,2.27
2013/2014,Unknown,Cardiff vs Sunderland,2-2,2.37,3.23,3.12
2013/2014,Unknown,Aston Villa vs Swansea,1-1,2.94,3.25,2.49
2013/2014,Unknown,Hull vs Fulham,6-0,2.01,3.33,3.98
2013/2014,Unknown,Manchester City vs Crystal Palace,1-0,1.13,8.8,19.74
2013/2014,Unknown,Norwich vs Manchester Utd,0-1,5.23,3.82,1.68
2013/2014,Unknown,West Ham vs West Brom,3-3,2.53,3.23,2.9
2013/2014,Unknown,Manchester City vs Liverpool,2-1,1.78,3.89,4.38
2013/2014,Unknown,Aston Villa vs Crystal Palace,0-1,1.91,3.36,4.39
2013/2014,Unknown,Cardiff vs Southampton,0-3,3.21,3.31,2.3
2013/2014,Unknown,Chelsea vs Swansea,1-0,1.32,5.3,10.27
2013/2014,Unknown,Everton vs Sunderland,0-1,1.33,5.25,9.65
2013/2014,Unknown,Newcastle vs Stoke,5-1,1.71,3.58,5.35
2013/2014,Unknown,Norwich vs Fulham,1-2,1.91,3.5,4.18
2013/2014,Unknown,Tottenham vs West Brom,1-1,1.56,4.11,6.12
2013/2014,Unknown,West Ham vs Arsenal,1-3,6.01,4.16,1.55
2013/2014,Unknown,Hull vs Manchester Utd,2-3,5.81,3.76,1.63
2013/2014,Unknown,Arsenal vs Chelsea,0-0,2.48,3.25,2.95
2013/2014,Unknown,Swansea vs Everton,1-2,3.27,3.35,2.26
2013/2014,Unknown,Southampton vs Tottenham,2-3,2.5,3.31,2.86
2013/2014,Unknown,Crystal Palace vs Newcastle,0-3,3.1,3.26,2.38
2013/2014,Unknown,Fulham vs Manchester City,2-4,7.93,5.14,1.38
2013/2014,Unknown,Manchester Utd vs West Ham,3-1,1.3,5.53,9.85
2013/2014,Unknown,Stoke vs Aston Villa,2-1,2.0,3.29,4.02
2013/2014,Unknown,Sunderland vs Norwich,0-0,2.11,3.29,3.62
2013/2014,Unknown,West Brom vs Hull,1-1,1.96,3.28,4.24
2013/2014,Unknown,Liverpool vs Cardiff,3-1,1.19,7.16,15.45
2013/2014,Unknown,Tottenham vs Liverpool,0-5,2.35,3.36,3.07
2013/2014,Unknown,Aston Villa vs Manchester Utd,0-3,5.14,3.73,1.7
2013/2014,Unknown,Norwich vs Swansea,1-1,2.89,3.31,2.49
2013/2014,Unknown,Hull vs Stoke,0-0,2.24,3.13,3.57
2013/2014,Unknown,Cardiff vs West Brom,1-0,2.74,3.28,2.64
2013/2014,Unknown,Chelsea vs Crystal Palace,2-1,1.18,7.24,16.88
2013/2014,Unknown,Everton vs Fulham,4-1,1.37,4.83,8.88
2013/2014,Unknown,Newcastle vs Southampton,1-1,2.32,3.3,3.21
2013/2014,Unknown,West Ham vs Sunderland,0-0,1.96,3.44,4.05
2013/2014,Unknown,Manchester City vs Arsenal,6-3,1.72,3.93,4.76
2013/2014,Unknown,Swansea vs Hull,1-1,1.67,3.63,5.62
2013/2014,Unknown,Arsenal vs Everton,1-1,1.66,3.83,5.46
2013/2014,Unknown,Fulham vs Aston Villa,2-0,2.58,3.3,2.77
2013/2014,Unknown,Sunderland vs Tottenham,1-2,3.66,3.39,2.08
2013/2014,Unknown,Crystal Palace vs Cardiff,2-0,2.47,3.15,3.03
2013/2014,Unknown,Liverpool vs West Ham,4-1,1.31,5.45,9.44
2013/2014,Unknown,Southampton vs Manchester City,1-1,5.02,3.82,1.69
2013/2014,Unknown,Stoke vs Chelsea,3-2,6.31,3.99,1.56
2013/2014,Unknown,West Brom vs Norwich,0-2,1.69,3.75,5.25
2013/2014,Unknown,Manchester Utd vs Newcastle,0-1,1.46,4.48,7.19
2013/2014,Unknown,Fulham vs Tottenham,1-2,5.92,3.87,1.61
2013/2014,Unknown,West Brom vs Manchester City,2-3,6.6,4.44,1.49
2013/2014,Unknown,Arsenal vs Hull,2-0,1.27,5.82,11.39
2013/2014,Unknown,Liverpool vs Norwich,5-1,1.25,6.11,11.57
2013/2014,Unknown,Manchester Utd vs Everton,0-1,1.78,3.73,4.56
2013/2014,Unknown,Southampton vs Aston Villa,2-3,1.68,3.7,5.51
2013/2014,Unknown,Stoke vs Cardiff,0-0,2.21,3.23,3.51
2013/2014,Unknown,Sunderland vs Chelsea,3-4,6.33,4.32,1.52
2013/2014,Unknown,Swansea vs Newcastle,3-0,2.2,3.39,3.36
2013/2014,Unknown,Crystal Palace vs West Ham,1-0,3.17,3.24,2.34
2013/2014,Unknown,Chelsea vs Southampton,3-1,1.57,4.07,5.95
2013/2014,Unknown,Manchester City vs Swansea,3-0,1.25,5.88,12.13
2013/2014,Unknown,Hull vs Liverpool,3-1,6.06,3.88,1.59
2013/2014,Unknown,Tottenham vs Manchester Utd,2-2,2.72,3.24,2.63
2013/2014,Unknown,Newcastle vs West Brom,2-1,1.97,3.47,3.9
2013/2014,Unknown,Aston Villa vs Sunderland,0-0,1.82,3.51,4.68
2013/2014,Unknown,Cardiff vs Arsenal,0-3,6.37,4.12,1.54
2013/2014,Unknown,Everton vs Stoke,4-0,1.52,4.04,6.91
2013/2014,Unknown,Norwich vs Crystal Palace,1-0,1.97,3.38,4.03
2013/2014,Unknown,West Ham vs Fulham,3-0,1.73,3.74,4.94
2013/2014,Unknown,West Brom vs Aston Villa,2-2,2.14,3.27,3.65
2013/2014,Unknown,Cardiff vs Manchester Utd,2-2,5.14,3.75,1.7
2013/2014,Unknown,Manchester City vs Tottenham,6-0,1.65,3.87,5.47
2013/2014,Unknown,West Ham vs Chelsea,0-3,5.91,3.87,1.61
2013/2014,Unknown,Arsenal vs Southampton,2-0,1.59,4.01,6.03
2013/2014,Unknown,Fulham vs Swansea,1-2,3.27,3.36,2.25
2013/2014,Unknown,Hull vs Crystal Palace,0-1,1.89,3.35,4.55
2013/2014,Unknown,Newcastle vs Norwich,2-1,1.75,3.72,4.87
2013/2014,Unknown,Stoke vs Sunderland,2-0,2.1,3.19,3.89
2013/2014,Unknown,Everton vs Liverpool,3-3,2.83,3.26,2.56
2013/2014,Unknown,Manchester Utd vs Arsenal,1-0,2.28,3.37,3.21
2013/2014,Unknown,Swansea vs Stoke,3-3,1.95,3.36,4.23
2013/2014,Unknown,Sunderland vs Manchester City,1-0,7.18,4.54,1.44
2013/2014,Unknown,Tottenham vs Newcastle,0-1,1.53,4.18,6.41
2013/2014,Unknown,Norwich vs West Ham,3-1,2.31,3.28,3.23
2013/2014,Unknown,Aston Villa vs Cardiff,2-0,2.17,3.29,3.54
2013/2014,Unknown,Chelsea vs West Brom,2-2,1.29,5.59,10.51
2013/2014,Unknown,Crystal Palace vs Everton,0-0,5.44,3.73,1.68
2013/2014,Unknown,Liverpool vs Fulham,4-0,1.2,6.96,14.32
2013/2014,Unknown,Southampton vs Hull,4-1,1.57,3.76,6.83
2013/2014,Unknown,Cardiff vs Swansea,1-0,3.16,3.27,2.34
2013/2014,Unknown,Everton vs Tottenham,0-0,2.32,3.28,3.21
2013/2014,Unknown,Arsenal vs Liverpool,2-0,2.09,3.44,3.59
2013/2014,Unknown,Fulham vs Manchester Utd,1-3,6.55,4.3,1.51
2013/2014,Unknown,Hull vs Sunderland,1-0,2.26,3.23,3.37
2013/2014,Unknown,Manchester City vs Norwich,7-0,1.18,7.24,16.02
2013/2014,Unknown,Stoke vs Southampton,1-1,3.1,3.15,2.44
2013/2014,Unknown,West Brom vs Crystal Palace,2-0,1.53,4.13,6.64
2013/2014,Unknown,West Ham vs Aston Villa,0-0,2.12,3.35,3.58
2013/2014,Unknown,Newcastle vs Chelsea,2-0,5.78,4.09,1.59
2013/2014,Unknown,Chelsea vs Manchester City,2-1,2.25,3.32,3.29
2013/2014,Unknown,Swansea vs West Ham,0-0,1.72,3.74,4.99
2013/2014,Unknown,Tottenham vs Hull,1-0,1.33,4.83,11.16
2013/2014,Unknown,Sunderland vs Newcastle,2-1,2.79,3.31,2.57
2013/2014,Unknown,Southampton vs Fulham,2-0,1.59,3.95,6.0
2013/2014,Unknown,Aston Villa vs Everton,0-2,3.31,3.31,2.25
2013/2014,Unknown,Liverpool vs West Brom,4-1,1.39,4.88,7.95
2013/2014,Unknown,Manchester Utd vs Stoke,3-2,1.31,5.22,10.49
2013/2014,Unknown,Norwich vs Cardiff,0-0,2.05,3.38,3.79
2013/2014,Unknown,Crystal Palace vs Arsenal,0-2,11.91,5.57,1.28
2013/2014,Unknown,Crystal Palace vs Fulham,1-4,2.77,3.25,2.65
2013/2014,Unknown,Aston Villa vs Tottenham,0-2,4.05,3.39,1.97
2013/2014,Unknown,West Ham vs Manchester City,1-3,5.35,3.88,1.66
2013/2014,Unknown,Arsenal vs Norwich,4-1,1.29,5.43,11.16
2013/2014,Unknown,Chelsea vs Cardiff,4-1,1.28,5.63,11.48
2013/2014,Unknown,Everton vs Hull,2-1,1.5,4.12,7.27
2013/2014,Unknown,Manchester Utd vs Southampton,1-1,1.54,4.12,6.36
2013/2014,Unknown,Stoke vs West Brom,0-0,2.48,3.23,2.97
2013/2014,Unknown,Swansea vs Sunderland,4-0,1.56,4.03,6.36
2013/2014,Unknown,Newcastle vs Liverpool,2-2,4.14,3.76,1.85
2013/2014,Unknown,Tottenham vs West Ham,0-3,1.42,4.45,8.15
2013/2014,Unknown,West Brom vs Arsenal,1-1,4.93,3.83,1.71
2013/2014,Unknown,Norwich vs Chelsea,1-3,6.25,4.05,1.56
2013/2014,Unknown,Southampton vs Swansea,2-0,2.15,3.32,3.59
2013/2014,Unknown,Sunderland vs Manchester Utd,1-2,6.38,4.22,1.53
2013/2014,Unknown,Cardiff vs Newcastle,1-2,2.36,3.34,3.06
2013/2014,Unknown,Fulham vs Stoke,1-0,2.53,3.19,2.94
2013/2014,Unknown,Hull vs Aston Villa,0-0,2.27,3.2,3.4
2013/2014,Unknown,Liverpool vs Crystal Palace,3-1,1.18,7.07,16.36
2013/2014,Unknown,Manchester City vs Everton,3-1,1.6,4.01,5.72
2013/2014,Unknown,Everton vs Newcastle,3-2,1.57,4.1,5.98
2013/2014,Unknown,Sunderland vs Liverpool,1-3,5.72,3.94,1.62
2013/2014,Unknown,Stoke vs Norwich,0-1,1.94,3.36,4.21
2013/2014,Unknown,Swansea vs Arsenal,1-2,3.0,3.33,2.41
2013/2014,Unknown,Aston Villa vs Manchester City,3-2,6.97,4.19,1.5
2013/2014,Unknown,Fulham vs Cardiff,1-2,2.07,3.31,3.79
2013/2014,Unknown,Hull vs West Ham,1-0,2.27,3.18,3.43
2013/2014,Unknown,Manchester Utd vs West Brom,1-2,1.3,5.42,10.66
2013/2014,Unknown,Southampton vs Crystal Palace,2-0,1.43,4.42,8.07
2013/2014,Unknown,Tottenham vs Chelsea,1-1,2.48,3.21,2.97
2013/2014,Unknown,Cardiff vs Tottenham,0-1,4.26,3.41,1.91
2013/2014,Unknown,Manchester City vs Manchester Utd,4-1,2.21,3.21,3.46
2013/2014,Unknown,Arsenal vs Stoke,3-1,1.38,4.79,8.78
2013/2014,Unknown,Crystal Palace vs Swansea,0-2,3.58,3.34,2.11
2013/2014,Unknown,Chelsea vs Fulham,2-0,1.27,5.64,11.41
2013/2014,Unknown,Liverpool vs Southampton,0-1,1.7,3.66,5.26
2013/2014,Unknown,Newcastle vs Hull,2-3,1.77,3.49,5.0
2013/2014,Unknown,West Brom vs Sunderland,3-0,2.05,3.38,3.73
2013/2014,Unknown,West Ham vs Everton,2-3,3.24,3.24,2.31
2013/2014,Unknown,Norwich vs Aston Villa,0-1,2.33,3.27,3.07
2013/2014,Unknown,Swansea vs Liverpool,2-2,3.05,3.24,2.41
2013/2014,Unknown,Southampton vs West Ham,0-0,1.69,3.67,5.4
2013/2014,Unknown,Everton vs Chelsea,1-0,3.31,3.36,2.22
2013/2014,Unknown,Aston Villa vs Newcastle,1-2,2.05,3.4,3.76
2013/2014,Unknown,Fulham vs West Brom,1-1,2.12,3.38,3.55
2013/2014,Unknown,Hull vs Cardiff,1-1,2.18,3.21,3.57
2013/2014,Unknown,Stoke vs Manchester City,0-0,5.49,3.7,1.68
2013/2014,Unknown,Sunderland vs Arsenal,1-3,5.64,3.82,1.64
2013/2014,Unknown,Tottenham vs Norwich,2-0,1.44,4.35,8.09
2013/2014,Unknown,Manchester Utd vs Crystal Palace,2-0,1.17,7.41,16.64
2013/2014,Unknown,Arsenal vs Tottenham,1-0,2.11,3.36,3.57
2013/2014,Unknown,Liverpool vs Manchester Utd,1-0,2.41,3.19,3.14
2013/2014,Unknown,West Brom vs Swansea,0-2,2.64,3.34,2.69
2013/2014,Unknown,Crystal Palace vs Sunderland,3-1,2.44,3.22,3.02
2013/2014,Unknown,Cardiff vs Everton,0-0,3.29,3.27,2.27
2013/2014,Unknown,Newcastle vs Fulham,1-0,2.11,3.31,3.62
2013/2014,Unknown,Norwich vs Southampton,1-0,2.84,3.28,2.49
2013/2014,Unknown,West Ham vs Stoke,0-1,1.96,3.36,4.15
2013/2014,Unknown,Manchester City vs Hull,2-0,1.17,7.61,16.18
2013/2014,Unknown,Manchester Utd vs Chelsea,0-0,2.28,3.28,3.24
2013/2014,Unknown,Cardiff vs Manchester City,3-2,8.04,4.6,1.41
2013/2014,Unknown,Tottenham vs Swansea,1-0,1.71,3.67,5.19
2013/2014,Unknown,Aston Villa vs Liverpool,0-1,4.01,3.82,1.86
2013/2014,Unknown,Everton vs West Brom,0-0,1.55,4.07,6.42
2013/2014,Unknown,Hull vs Norwich,1-0,2.35,3.23,3.16
2013/2014,Unknown,Newcastle vs West Ham,0-0,2.25,3.34,3.27
2013/2014,Unknown,Southampton vs Sunderland,1-1,1.64,3.87,5.61
2013/2014,Unknown,Stoke vs Crystal Palace,2-1,1.86,3.43,4.63
2013/2014,Unknown,Fulham vs Arsenal,1-3,4.47,3.53,1.85
2013/2014,Unknown,Chelsea vs Aston Villa,2-1,1.27,5.93,10.82
2013/2014,Unknown,Manchester City vs Newcastle,4-0,1.26,5.89,11.54
2013/2014,Unknown,Chelsea vs Hull,2-0,1.2,6.47,14.98
2013/2014,Unknown,Crystal Palace vs Tottenham,0-1,5.77,3.72,1.64
2013/2014,Unknown,Swansea vs Manchester Utd,1-4,3.57,3.31,2.13
2013/2014,Unknown,Arsenal vs Aston Villa,1-3,1.41,4.71,7.74
2013/2014,Unknown,Norwich vs Everton,2-2,3.48,3.26,2.19
2013/2014,Unknown,Sunderland vs Fulham,0-1,2.34,3.22,3.17
2013/2014,Unknown,West Brom vs Southampton,0-1,2.44,3.29,2.94
2013/2014,Unknown,West Ham vs Cardiff,2-0,2.03,3.35,3.86
2013/2014,Unknown,Liverpool vs Stoke,1-0,1.39,4.52,9.01
